backbuffer,backbuffer.bmp
mouse,LogoScene/mouse.bmp
trademark,LogoScene/trademark.bmp
title,LogoScene/title.bmp
d2_logo,LogoScene/d2_logo.bmp
single_player_button,LogoScene/single_player_button.bmp
credit_button,LogoScene/credit_button.bmp
video_button,LogoScene/video_button.bmp
d2_exit_button,LogoScene/d2_exit_button.bmp
character_select,LogoScene/character_select.bmp
create_new_character,LogoScene/create_new_character.bmp
character_select_box,LogoScene/character_select_box.bmp
exit_button,LogoScene/exit_button.bmp
delete_button,LogoScene/delete_button.bmp
ok_button,LogoScene/ok_button.bmp
character_create,LogoScene/character_create.bmp
bonfire,LogoScene/bonfire.bmp
SONU1,LogoScene/SONU1.bmp
SONU2,LogoScene/SONU2.bmp
SONU3,LogoScene/SONU3.bmp
SOFW,LogoScene/SOFW.bmp
SOBW,LogoScene/SOBW.bmp
SONU3s,LogoScene/SONU3s.bmp
SOFWs,LogoScene/SOFWs.bmp
SOBWs,LogoScene/SOBWs.bmp
credit_background,LogoScene/credit_background.bmp
control_panel,MainScene/control_panel.bmp
health,MainScene/health.bmp
mana,MainScene/mana.bmp
rogue_encampment,MainScene/rogue_encampment.bmp
loading_screen,MainScene/loading_screen.bmp
town_neutral,MainScene/town_neutral.bmp
town_walk,MainScene/town_walk.bmp
run,MainScene/run.bmp
base,MainScene/base.bmp
waypoint_0,MainScene/waypoint_0.bmp
waypoint_1,MainScene/waypoint_1.bmp
waypoint_2,MainScene/waypoint_2.bmp
waypoint_3,MainScene/waypoint_3.bmp
ice_bolt,MainScene/Skill/ice_bolt.bmp
skill_casting,MainScene/skill_casting.bmp
skill_casting_special,MainScene/skill_casting_special.bmp
character,MainScene/character.bmp
inventory,MainScene/inventory.bmp
cold_skill,MainScene/cold_skill.bmp
light_skill,MainScene/light_skill.bmp
fire_skill,MainScene/fire_skill.bmp
ice_cast_new_1,MainScene/Skill/ice_cast_new_1.bmp
ice_cast_new_2,MainScene/Skill/ice_cast_new_2.bmp
ice_cast_new_3,MainScene/Skill/ice_cast_new_3.bmp
pentspin_left,MainScene/pentspin_left.bmp
pentspin_right,MainScene/pentspin_right.bmp
exit,MainScene/exit.bmp
return_to_game,MainScene/return_to_game.bmp
font16,font16.bmp
font8,font8.bmp
cancel_button,MainScene/cancel_button.bmp
ice_orb,MainScene/Skill/ice_orb.bmp
attack_icon,MainScene/Icon/attack_icon.bmp
blizzard_icon,MainScene/Icon/blizzard_icon.bmp
chilling_armor_icon,MainScene/Icon/chilling_armor_icon.bmp
frost_nova_icon,MainScene/Icon/frost_nova_icon.bmp
frozen_orb_icon,MainScene/Icon/frozen_orb_icon.bmp
glacial_spike_icon,MainScene/Icon/glacial_spike_icon.bmp
ice_blast_icon,MainScene/Icon/ice_blast_icon.bmp
ice_bolt_icon,MainScene/Icon/ice_bolt_icon.bmp
frozen_armor_icon,MainScene/Icon/frozen_armor_icon.bmp
ice_orb_explode,MainScene/Skill/ice_orb_explode.bmp
frozen_armor,MainScene/Skill/frozen_armor.bmp
frost_nova,MainScene/Skill/frost_nova.bmp
ice_blast,MainScene/Skill/ice_blast.bmp
hell_bovine_neutral,MainScene/Monster/hell_bovine/hell_bovine_neutral.bmp
hell_bovine_walk,MainScene/Monster/hell_bovine/hell_bovine_walk.bmp
hell_bovine_attack1,MainScene/Monster/hell_bovine/hell_bovine_attack1.bmp
hell_bovine_attack2,MainScene/Monster/hell_bovine/hell_bovine_attack2.bmp
hell_bovine_get_hit,MainScene/Monster/hell_bovine/hell_bovine_get_hit.bmp
hell_bovine_death,MainScene/Monster/hell_bovine/hell_bovine_death.bmp
hell_bovine_dead,MainScene/Monster/hell_bovine/hell_bovine_dead.bmp
ice_hit_big,MainScene/Skill/ice_hit_big.bmp
teleport,MainScene/Skill/teleport.bmp
get_hit,MainScene/get_hit.bmp
youdiedhardcore,MainScene/youdiedhardcore.bmp
red_portal,MainScene/red_portal.bmp
exp_bar,MainScene/Bar/exp_bar.bmp
monster_hp_bar,MainScene/Bar/monster_hp_bar.bmp
stemina_bar,MainScene/Bar/stemina_bar.bmp
walk_icon,MainScene/Icon/walk_icon.bmp
run_icon,MainScene/Icon/run_icon.bmp
monster_hp_bar_background,MainScene/Bar/monster_hp_bar_background.bmp
teleport_icon,MainScene/Icon/teleport_icon.bmp
