options,options.wav
button,button.wav
sorceress deselect,sorceress deselect.wav
sorceress select,sorceress select.wav
town1,town1.wav
coldcast,coldcast.wav
rain2,rain2.wav
LightDirt1,LightDirt1.wav
LightDirtRun1,LightDirtRun1.wav
select,select.wav
blizzloop,blizzloop.wav
icebolt1,icebolt1.wav
icebolt2,icebolt2.wav
icebolt3,icebolt3.wav
frozenarmor,frozenarmor.wav
novaice,novaice.wav
blizzboom1,blizzboom1.wav
blizzboom2,blizzboom2.wav
blizzboom3,blizzboom3.wav
Sor_Ineedmana,sorceress/Sor_Ineedmana.wav
death1,sorceress/death1.wav
death2,sorceress/death2.wav
death3,sorceress/death3.wav
hard1,sorceress/hard1.wav
soft1,sorceress/soft1.wav
soft2,sorceress/soft2.wav
soft3,sorceress/soft3.wav
soft4,sorceress/soft4.wav
Sor_act1_entry_wilderness,sorceress/Sor_act1_entry_wilderness.wav
hell_bovine_attack1,moo/attack1.wav
hell_bovine_attack2,moo/attack2.wav
hell_bovine_attack3,moo/attack3.wav
hell_bovine_attack4,moo/attack4.wav
hell_bovine_attack5,moo/attack5.wav
hell_bovine_attack6,moo/attack6.wav
hell_bovine_death1,moo/death1.wav
hell_bovine_death2,moo/death2.wav
hell_bovine_death3,moo/death3.wav
hell_bovine_death4,moo/death4.wav
hell_bovine_death5,moo/death5.wav
hell_bovine_gethit1,moo/gethit1.wav
hell_bovine_gethit2,moo/gethit2.wav
hell_bovine_gethit3,moo/gethit3.wav
hell_bovine_gethit4,moo/gethit4.wav
hell_bovine_neutral1,moo/neutral1.wav
hell_bovine_neutral2,moo/neutral2.wav
hell_bovine_neutral3,moo/neutral3.wav
windowopen,windowopen.wav
portalenter,portalenter.wav
teleport,teleport.wav
