skill_casting_special,,,,,,,,,,,,,
skill_casting_special_0,0,1,97,92,27,20,0,0,13,13,0,13,0.3
skill_casting_special_1,0,1,97,92,27,20,0,1,13,13,0,13,0.3
skill_casting_special_2,0,1,97,92,27,20,0,2,13,13,0,13,0.3
skill_casting_special_3,0,1,97,92,27,20,0,3,13,13,0,13,0.3
skill_casting_special_4,0,1,97,92,27,20,0,4,13,13,0,13,0.3
skill_casting_special_5,0,1,97,92,27,20,0,5,13,13,0,13,0.3
skill_casting_special_6,0,1,97,92,27,20,0,6,13,13,0,13,0.3
skill_casting_special_7,0,1,97,92,27,20,0,7,13,13,0,13,0.3
skill_casting_special_8,0,1,97,92,27,20,0,8,13,13,0,13,0.3
skill_casting_special_9,0,1,97,92,27,20,0,9,13,13,0,13,0.3
skill_casting_special_10,0,1,97,92,27,20,0,10,13,13,0,13,0.3
skill_casting_special_11,0,1,97,92,27,20,0,11,13,13,0,13,0.3
skill_casting_special_12,0,1,97,92,27,20,0,12,13,13,0,13,0.3
skill_casting_special_13,0,1,97,92,27,20,0,13,13,13,0,13,0.3
skill_casting_special_14,0,1,97,92,27,20,0,14,13,13,0,13,0.3
skill_casting_special_15,0,1,97,92,27,20,0,15,13,13,0,13,0.3
